{"b0974fab-e694-47b2":{"x":0,"y":0,"width":1280,"height":309.8645935058594,"top":0,"right":1280,"bottom":309.8645935058594,"left":0},"cb19b360-c5c5-4f53":{"x":0,"y":64,"width":1280,"height":181.86459350585938,"top":64,"right":1280,"bottom":245.86459350585938,"left":0},"8e014b12-2c93-4ad8":{"x":0,"y":64,"width":1280,"height":181.86459350585938,"top":64,"right":1280,"bottom":245.86459350585938,"left":0},"643947d1-e76b-42bc":{"x":0,"y":64,"width":1280,"height":64,"top":64,"right":1280,"bottom":128,"left":0},"0291cbfe-791f-4baa":{"x":0,"y":176,"width":1280,"height":25.33333396911621,"top":176,"right":1280,"bottom":201.3333339691162,"left":0},"baa20557-a09d-42ca":{"x":0,"y":220.53125,"width":1280,"height":25.33333396911621,"top":220.53125,"right":1280,"bottom":245.8645839691162,"left":0}}