{"50da1c57-da8d-4819":{"x":0,"y":0,"width":1519.2000732421875,"height":2411.824951171875,"top":0,"right":1519.2000732421875,"bottom":2411.824951171875,"left":0},"660d233d-f40b-43df":{"x":8,"y":8,"width":1503.2000732421875,"height":2395.824951171875,"top":8,"right":1511.2000732421875,"bottom":2403.824951171875,"left":8},"e8eb3b4e-d6fc-4c42":{"x":8,"y":8,"width":132.875,"height":17.600000381469727,"top":8,"right":140.875,"bottom":25.600000381469727,"left":8},"92332b93-1121-4017":{"x":8,"y":26.399999618530273,"width":1503.2000732421875,"height":387.3999938964844,"top":26.399999618530273,"right":1511.2000732421875,"bottom":413.79999351501465,"left":8},"c1d8ea1c-34c6-4ab6":{"x":8,"y":26.399999618530273,"width":1503.2000732421875,"height":387.3999938964844,"top":26.399999618530273,"right":1511.2000732421875,"bottom":413.79999351501465,"left":8},"c95fcd94-f835-4456":{"x":8,"y":26.399999618530273,"width":1503.2000732421875,"height":387.3999938964844,"top":26.399999618530273,"right":1511.2000732421875,"bottom":413.79999351501465,"left":8},"9fea912b-d3ef-47db":{"x":8,"y":26.399999618530273,"width":1503.2000732421875,"height":28,"top":26.399999618530273,"right":1511.2000732421875,"bottom":54.39999961853027,"left":8},"65b27ca3-5d11-436a":{"x":8,"y":26.399999618530273,"width":300,"height":150,"top":26.399999618530273,"right":308,"bottom":176.39999961853027,"left":8},"a3006605-3ef7-425e":{"x":8,"y":26.399999618530273,"width":237.0237579345703,"height":24,"top":26.399999618530273,"right":245.0237579345703,"bottom":50.39999961853027,"left":8},"622e4be1-2e35-4ac9":{"x":181.60000610351562,"y":35.189998626708984,"width":8.01999568939209,"height":8.020001411437988,"top":35.189998626708984,"right":189.62000179290771,"bottom":43.21000003814697,"left":181.60000610351562},"22e08764-8548-4b98":{"x":8,"y":26.399999618530273,"width":1503.2000732421875,"height":28,"top":26.399999618530273,"right":1511.2000732421875,"bottom":54.39999961853027,"left":8},"4928fbe4-16f1-49e3":{"x":8,"y":36,"width":237,"height":17.600000381469727,"top":36,"right":245,"bottom":53.60000038146973,"left":8},"452d1560-ccd2-410e":{"x":8,"y":26.399999618530273,"width":237,"height":24,"top":26.399999618530273,"right":245,"bottom":50.39999961853027,"left":8},"d4b9410b-c27d-4d22":{"x":8,"y":26.399999618530273,"width":237.0237579345703,"height":24,"top":26.399999618530273,"right":245.0237579345703,"bottom":50.39999961853027,"left":8},"3844dfca-0331-4cb8":{"x":8,"y":54.400001525878906,"width":1503.2000732421875,"height":359.3999938964844,"top":54.400001525878906,"right":1511.2000732421875,"bottom":413.7999954223633,"left":8},"c76c10f0-5aff-48ad":{"x":8,"y":54.400001525878906,"width":1503.2000732421875,"height":49,"top":54.400001525878906,"right":1511.2000732421875,"bottom":103.4000015258789,"left":8},"7fba3c2a-6190-4414":{"x":8,"y":54.400001525878906,"width":1503.2000732421875,"height":49,"top":54.400001525878906,"right":1511.2000732421875,"bottom":103.4000015258789,"left":8},"17c97f7e-a38e-47b2":{"x":8,"y":54.400001525878906,"width":1503.2000732421875,"height":27.80000114440918,"top":54.400001525878906,"right":1511.2000732421875,"bottom":82.20000267028809,"left":8},"c134bed3-7207-486a":{"x":8,"y":61.20000076293945,"width":19.200000762939453,"height":17.600000381469727,"top":61.20000076293945,"right":27.200000762939453,"bottom":78.80000114440918,"left":8},"b9baab01-6244-4704":{"x":8,"y":54.400001525878906,"width":15.199999809265137,"height":21.200000762939453,"top":54.400001525878906,"right":23.199999809265137,"bottom":75.60000228881836,"left":8},"e74f331d-de73-4a04":{"x":27.200000762939453,"y":61,"width":136,"height":21.200000762939453,"top":61,"right":163.20000076293945,"bottom":82.20000076293945,"left":27.200000762939453},"c9d4e29a-bfca-4832":{"x":8,"y":82.20000457763672,"width":1503.2000732421875,"height":21.200000762939453,"top":82.20000457763672,"right":1511.2000732421875,"bottom":103.40000534057617,"left":8},"2f49e59b-1651-4fa0":{"x":8,"y":82.20000457763672,"width":57.4375,"height":21.200000762939453,"top":82.20000457763672,"right":65.4375,"bottom":103.40000534057617,"left":8},"3aa855d1-85cb-4f2e":{"x":8,"y":103.4000015258789,"width":1503.2000732421875,"height":310.3999938964844,"top":103.4000015258789,"right":1511.2000732421875,"bottom":413.7999954223633,"left":8},"769785af-485e-4cf1":{"x":8,"y":103.4000015258789,"width":72,"height":17.600000381469727,"top":103.4000015258789,"right":80,"bottom":121.00000190734863,"left":8},"6c7fe1f1-f640-4dce":{"x":8,"y":103.4000015258789,"width":72,"height":17.600000381469727,"top":103.4000015258789,"right":80,"bottom":121.00000190734863,"left":8},"9606b55c-437b-4c25":{"x":8,"y":121.80000305175781,"width":1503.2000732421875,"height":292,"top":121.80000305175781,"right":1511.2000732421875,"bottom":413.8000030517578,"left":8},"d1cc3d83-4676-4687":{"x":8,"y":121.80000305175781,"width":1503.2000732421875,"height":292,"top":121.80000305175781,"right":1511.2000732421875,"bottom":413.8000030517578,"left":8},"0a6acba7-a83e-48b8":{"x":8,"y":121.80000305175781,"width":72,"height":17.600000381469727,"top":121.80000305175781,"right":80,"bottom":139.40000343322754,"left":8},"c7c06ca7-634c-4da7":{"x":8,"y":156.1999969482422,"width":1503.2000732421875,"height":257.6000061035156,"top":156.1999969482422,"right":1511.2000732421875,"bottom":413.8000030517578,"left":8},"d073bdd2-9b30-4e37":{"x":48,"y":156.1999969482422,"width":1463.2000732421875,"height":18.399999618530273,"top":156.1999969482422,"right":1511.2000732421875,"bottom":174.59999656677246,"left":48},"e94eacea-aafd-4e19":{"x":48,"y":156.1999969482422,"width":149.3000030517578,"height":17.600000381469727,"top":156.1999969482422,"right":197.3000030517578,"bottom":173.7999973297119,"left":48},"6fb588a9-e967-41a9":{"x":48,"y":174.60000610351562,"width":1463.2000732421875,"height":18.399999618530273,"top":174.60000610351562,"right":1511.2000732421875,"bottom":193.0000057220459,"left":48},"deb9d6ab-ab7c-4e85":{"x":48,"y":174.60000610351562,"width":48,"height":17.600000381469727,"top":174.60000610351562,"right":96,"bottom":192.20000648498535,"left":48},"85bbe271-0c1f-4bf9":{"x":48,"y":193,"width":1463.2000732421875,"height":18.399999618530273,"top":193,"right":1511.2000732421875,"bottom":211.39999961853027,"left":48},"25e9f440-dd6e-4c3b":{"x":48,"y":193,"width":144.40000915527344,"height":17.600000381469727,"top":193,"right":192.40000915527344,"bottom":210.60000038146973,"left":48},"5bc576d8-f2a9-453a":{"x":48,"y":211.40000915527344,"width":1463.2000732421875,"height":18.399999618530273,"top":211.40000915527344,"right":1511.2000732421875,"bottom":229.8000087738037,"left":48},"172dc8aa-4a24-48a6":{"x":48,"y":211.40000915527344,"width":60.42499923706055,"height":17.600000381469727,"top":211.40000915527344,"right":108.42499923706055,"bottom":229.00000953674316,"left":48},"06410ae3-8dfe-4c85":{"x":48,"y":229.8000030517578,"width":1463.2000732421875,"height":18.399999618530273,"top":229.8000030517578,"right":1511.2000732421875,"bottom":248.2000026702881,"left":48},"ea1cb1a9-7703-472a":{"x":48,"y":229.8000030517578,"width":43.54999923706055,"height":17.600000381469727,"top":229.8000030517578,"right":91.54999923706055,"bottom":247.40000343322754,"left":48},"9451f801-27d2-4bf8":{"x":48,"y":248.1999969482422,"width":1463.2000732421875,"height":18.399999618530273,"top":248.1999969482422,"right":1511.2000732421875,"bottom":266.59999656677246,"left":48},"c5396e69-1e20-4a1f":{"x":48,"y":248.1999969482422,"width":158.2375030517578,"height":17.600000381469727,"top":248.1999969482422,"right":206.2375030517578,"bottom":265.7999973297119,"left":48},"4cbbd44c-a2f9-4eaf":{"x":48,"y":266.6000061035156,"width":1463.2000732421875,"height":18.399999618530273,"top":266.6000061035156,"right":1511.2000732421875,"bottom":285.0000057220459,"left":48},"aa6f34c6-f650-482c":{"x":48,"y":266.6000061035156,"width":40.875,"height":17.600000381469727,"top":266.6000061035156,"right":88.875,"bottom":284.20000648498535,"left":48},"94aa2ed0-e5e6-4fbb":{"x":48,"y":285,