{"1707672d-eda5-48d4":{"x":0,"y":0,"width":1519.2000732421875,"height":2693.712646484375,"top":0,"right":1519.2000732421875,"bottom":2693.712646484375,"left":0},"448ff7c2-d021-47a7":{"x":0,"y":0,"width":1519.2000732421875,"height":2593.712646484375,"top":0,"right":1519.2000732421875,"bottom":2593.712646484375,"left":0},"5bb2b7c4-6e5c-450e":{"x":0,"y":0,"width":1519.2000732421875,"height":88,"top":0,"right":1519.2000732421875,"bottom":88,"left":0},"bf68da22-9ef3-4f0a":{"x":189.60000610351562,"y":0,"width":1140,"height":87.20000457763672,"top":0,"right":1329.6000061035156,"bottom":87.20000457763672,"left":189.60000610351562},"e33f2699-9fea-43be":{"x":189.60000610351562,"y":0,"width":1140,"height":87.20000457763672,"top":0,"right":1329.6000061035156,"bottom":87.20000457763672,"left":189.60000610351562},"04065a3e-963a-4a43":{"x":189.60000610351562,"y":0,"width":570,"height":87.20000457763672,"top":0,"right":759.6000061035156,"bottom":87.20000457763672,"left":189.60000610351562},"ffd7684b-213e-4132":{"x":204.60000610351562,"y":43.60000228881836,"width":300,"height":150,"top":43.60000228881836,"right":504.6000061035156,"bottom":193.60000228881836,"left":204.60000610351562},"e5bc0341-1730-416d":{"x":204.60000610351562,"y":43.60000228881836,"width":237.0237274169922,"height":24,"top":43.60000228881836,"right":441.6237335205078,"bottom":67.60000228881836,"left":204.60000610351562},"5748655b-125e-49ca":{"x":378.20001220703125,"y":52.3900032043457,"width":8.01999568939209,"height":8.01999568939209,"top":52.3900032043457,"right":386.22000789642334,"bottom":60.40999889373779,"left":378.20001220703125},"5ddc18b7-75ce-49df":{"x":204.60000610351562,"y":26,"width":237,"height":35.20000076293945,"top":26,"right":441.6000061035156,"bottom":61.20000076293945,"left":204.60000610351562},"79639cd8-4685-4cd0":{"x":204.60000610351562,"y":30.80000114440918,"width":237,"height":24.80000114440918,"top":30.80000114440918,"right":441.6000061035156,"bottom":55.60000228881836,"left":204.60000610351562},"a45ba13f-821d-4ecc":{"x":204.60000610351562,"y":33.10000228881836,"width":237,"height":24,"top":33.10000228881836,"right":441.6000061035156,"bottom":57.10000228881836,"left":204.60000610351562},"79c85566-b839-4334":{"x":204.60000610351562,"y":33.10000228881836,"width":237.0237274169922,"height":24,"top":33.10000228881836,"right":441.6237335205078,"bottom":57.10000228881836,"left":204.60000610351562},"53e65e49-6440-4cdc":{"x":759.6000366210938,"y":0,"width":570,"height":87.20000457763672,"top":0,"right":1329.6000366210938,"bottom":87.20000457763672,"left":759.6000366210938},"4710acb6-391f-4ed7":{"x":810.5125122070312,"y":-0.4000000059604645,"width":400,"height":88,"top":-0.4000000059604645,"right":1210.5125122070312,"bottom":87.59999999403954,"left":810.5125122070312},"1749e12b-266f-4c9f":{"x":810.5125122070312,"y":-0.4000000059604645,"width":400,"height":88,"top":-0.4000000059604645,"right":1210.5125122070312,"bottom":87.59999999403954,"left":810.5125122070312},"baca5974-aea0-44d1":{"x":810.5125122070312,"y":-0.4000000059604645,"width":400,"height":88,"top":-0.4000000059604645,"right":1210.5125122070312,"bottom":87.59999999403954,"left":810.5125122070312},"44028299-aa17-4d11":{"x":820.5125122070312,"y":-0.4000000059604645,"width":22,"height":88,"top":-0.4000000059604645,"right":842.5125122070312,"bottom":87.59999999403954,"left":820.5125122070312},"f623dc5a-b4cc-45a2":{"x":820.5125122070312,"y":-0.4000000059604645,"width":22,"height":88,"top":-0.4000000059604645,"right":842.5125122070312,"bottom":87.59999999403954,"left":820.5125122070312},"785258b1-984c-47bc":{"x":865.5125122070312,"y":28.600000381469727,"width":345,"height":30,"top":28.600000381469727,"right":1210.5125122070312,"bottom":58.60000038146973,"left":865.5125122070312},"25f87495-56d9-48f2":{"x":1166.5125732421875,"y":-0.4000000059604645,"width":44,"height":88,"top":-0.4000000059604645,"right":1210.5125732421875,"bottom":87.59999999403954,"left":1166.5125732421875},"e6db8763-b42b-4569":{"x":1166.5125732421875,"y":-0.4000000059604645,"width":44,"height":88,"top":-0.4000000059604645,"right":1210.5125732421875,"bottom":87.59999999403954,"left":1166.5125732421875},"395b51b5-f274-4774":{"x":1240.5125732421875,"y":28.600000381469727,"width":74.0875015258789,"height":30,"top":28.600000381469727,"right":1314.6000747680664,"bottom":58.60000038146973,"left":1240.5125732421875},"f502021a-1ed9-42a6":{"x":1240.5125732421875,"y":28.600000381469727,"width":74.0875015258789,"height":30,"top":28.600000381469727,"right":1314.6000747680664,"bottom":58.60000038146973,"left":1240.5125732421875},"46756c48-3aca-4a9b":{"x":1240.5125732421875,"y":28.600000381469727,"width":54.087501525878906,"height":30,"top":28.600000381469727,"right":1294.6000747680664,"bottom":58.60000038146973,"left":1240.5125732421875},"2776fc10-2406-47f1":{"x":1294.5999755859375,"y":33.60000228881836,"width":20,"height":20,"top":33.60000228881836,"right":1314.5999755859375,"bottom":53.60000228881836,"left":1294.5999755859375},"cdd247f3-8db3-4aae":{"x":0,"y":88,"width":1519.2000732421875,"height":2257.625,"top":88,"right":1519.2000732421875,"bottom":2345.625,"left":0},"d7292f67-14f6-4bfc":{"x":0,"y":88,"width":1519.2000732421875,"height":2257.625,"top":88,"right":1519.2000732421875,"bottom":2345.625,"left":0},"dc13c472-ff42-4078":{"x":0,"y":88,"width":1519.2000732421875,"height":2257.625,"top":88,"right":1519.2000732421875,"bottom":2345.625,"left":0},"bcee40d3-43ae-49f0":{"x":189.60000610351562,"y":88,"width":1140,"height":2257.625,"top":88,"right":1329.6000061035156,"bottom":2345.625,"left":189.60000610351562},"011433ba-8501-4e6b":{"x":189.60000610351562,"y":88,"width":1140,"height":58.95000076293945,"top":88,"right":1329.6000061035156,"bottom":146.95000076293945,"left":189.60000610351562},"51f2f57a-b775-4cb7":{"x":189.60000610351562,"y":88,"width":197.21250915527344,"height":58.95000076293945,"top":88,"right":386.81251525878906,"bottom":146.95000076293945,"left":189.60000610351562},"bddff6e3-6a0b-4578":{"x":189.60000610351562,"y":96.80000305175781,"width":197.21250915527344,"height":41.35000228881836,"top":96.80000305175781,"right":386.81251525878906,"bottom":138.15000534057617,"left":189.60000610351562},"ba2159db-14df-4238":{"x":189.60000610351562,"y":96.80000305175781,"width":197.21250915527344,"height":41.35000228881836,"top":96.80000305175781,"right":386.81251525878906,"bottom":138.15000534057617,"left":189.60000610351562},"45da11a9-ee1e-4f98":{"x":189.60000610351562,"y":96.80000305175781,"width":197.21250915527344,"height":41.35000228881836,"top":96.80000305175781,"right":386.81251525878906,"bottom":138.15000534057617,"left":189.60000610351562},"152d8b4a-80d3-4879":{"x":212.47500610351562,"y":114.4000015258789,"width":32.11249923706055,"height":23.75,"top":114.4000015258789,"right":244.58750534057617,"bottom":138.1500015258789,"left":212.47500610351562},"8fad448c-839f-4347":{"x":212.47500610351562,"y":121.5999984741211,"width":17.11250114440918,"height":12.800000190734863,"top":121.5999984741211,"right":229.5875072479248,"bottom":134.39999866485596,"left":212.47500610351562},"d0a8bd47-c825-41df":{"x":212.47500610351562,"y":122.0999984741211,"width":14,"height":14,"top":122.0999984741211,"right":226.47500610351562,"bottom":136.0999984741211,"left":212.47500610351562},"336621a2-6f3d-46aa":{"x":213.17724609375,"y":121.7328109741211,"width":12.595507621765137,"height":10.0234375,"top":121.7328109741211,"right":225.77275371551514,"bottom":131.7562484741211,"left":213.17724609375},"d0c5176d-add6-47bf":{"x":229.58750915527344,"y":119.9375,"width":15,"height":15,"top":119.9375,"right":244.58750915527344,"bottom":134.9375,"left":229.58750915527344},"0b841372-6399-4032":{"x":234.5177459716797,"y":123.79631805419922,"width":4.871655464172363,"height":8.35379695892334,"top":123.79631805419922,"right":239.38940143585205,"bottom":132.15011501312256,"left":234.5177459716797},"e17375cf-d188-49c1":{"x":244.58750915527344,"y":114.4000015258789,"width":119.3499984741211,