{"50da1c57-da8d-4819":{"x":0,"y":0,"width":1519.2000732421875,"height":2800.35009765625,"top":0,"right":1519.2000732421875,"bottom":2800.35009765625,"left":0},"660d233d-f40b-43df":{"x":0,"y":0,"width":1519.2000732421875,"height":2700.35009765625,"top":0,"right":1519.2000732421875,"bottom":2700.35009765625,"left":0},"92332b93-1121-4017":{"x":0,"y":0,"width":1519.2000732421875,"height":88,"top":0,"right":1519.2000732421875,"bottom":88,"left":0},"c1d8ea1c-34c6-4ab6":{"x":189.60000610351562,"y":0,"width":1140,"height":87.20000457763672,"top":0,"right":1329.6000061035156,"bottom":87.20000457763672,"left":189.60000610351562},"c95fcd94-f835-4456":{"x":189.60000610351562,"y":0,"width":1140,"height":87.20000457763672,"top":0,"right":1329.6000061035156,"bottom":87.20000457763672,"left":189.60000610351562},"9fea912b-d3ef-47db":{"x":189.60000610351562,"y":0,"width":570,"height":87.20000457763672,"top":0,"right":759.6000061035156,"bottom":87.20000457763672,"left":189.60000610351562},"65b27ca3-5d11-436a":{"x":204.60000610351562,"y":43.60000228881836,"width":300,"height":150,"top":43.60000228881836,"right":504.6000061035156,"bottom":193.60000228881836,"left":204.60000610351562},"a3006605-3ef7-425e":{"x":204.60000610351562,"y":43.60000228881836,"width":237.0237274169922,"height":24,"top":43.60000228881836,"right":441.6237335205078,"bottom":67.60000228881836,"left":204.60000610351562},"622e4be1-2e35-4ac9":{"x":378.20001220703125,"y":52.3900032043457,"width":8.01999568939209,"height":8.01999568939209,"top":52.3900032043457,"right":386.22000789642334,"bottom":60.40999889373779,"left":378.20001220703125},"22e08764-8548-4b98":{"x":204.60000610351562,"y":26,"width":237,"height":35.20000076293945,"top":26,"right":441.6000061035156,"bottom":61.20000076293945,"left":204.60000610351562},"4928fbe4-16f1-49e3":{"x":204.60000610351562,"y":30.80000114440918,"width":237,"height":24.80000114440918,"top":30.80000114440918,"right":441.6000061035156,"bottom":55.60000228881836,"left":204.60000610351562},"452d1560-ccd2-410e":{"x":204.60000610351562,"y":33.10000228881836,"width":237,"height":24,"top":33.10000228881836,"right":441.6000061035156,"bottom":57.10000228881836,"left":204.60000610351562},"d4b9410b-c27d-4d22":{"x":204.60000610351562,"y":33.10000228881836,"width":237.0237274169922,"height":24,"top":33.10000228881836,"right":441.6237335205078,"bottom":57.10000228881836,"left":204.60000610351562},"3844dfca-0331-4cb8":{"x":759.6000366210938,"y":0,"width":570,"height":87.20000457763672,"top":0,"right":1329.6000366210938,"bottom":87.20000457763672,"left":759.6000366210938},"3aa855d1-85cb-4f2e":{"x":1240.5125732421875,"y":28.600000381469727,"width":74.0875015258789,"height":30,"top":28.600000381469727,"right":1314.6000747680664,"bottom":58.60000038146973,"left":1240.5125732421875},"769785af-485e-4cf1":{"x":1240.5125732421875,"y":28.600000381469727,"width":74.0875015258789,"height":30,"top":28.600000381469727,"right":1314.6000747680664,"bottom":58.60000038146973,"left":1240.5125732421875},"6c7fe1f1-f640-4dce":{"x":1240.5125732421875,"y":28.600000381469727,"width":54.087501525878906,"height":30,"top":28.600000381469727,"right":1294.6000747680664,"bottom":58.60000038146973,"left":1240.5125732421875},"e7b7879f-45ae-48a5":{"x":1294.5999755859375,"y":33.60000228881836,"width":20,"height":20,"top":33.60000228881836,"right":1314.5999755859375,"bottom":53.60000228881836,"left":1294.5999755859375},"d2e18567-f927-4548":{"x":0,"y":88,"width":1519.2000732421875,"height":2364.262451171875,"top":88,"right":1519.2000732421875,"bottom":2452.262451171875,"left":0},"357ec22f-575d-4a9e":{"x":0,"y":88,"width":1519.2000732421875,"height":2364.262451171875,"top":88,"right":1519.2000732421875,"bottom":2452.262451171875,"left":0},"c9ecd30b-db79-43ae":{"x":0,"y":88,"width":1519.2000732421875,"height":2364.262451171875,"top":88,"right":1519.2000732421875,"bottom":2452.262451171875,"left":0},"5a7fbe49-8ef8-4703":{"x":0,"y":88,"width":1519.2000732421875,"height":614.1625366210938,"top":88,"right":1519.2000732421875,"bottom":702.1625366210938,"left":0},"ef9899f6-1f38-4705":{"x":0,"y":88,"width":1519.2000732421875,"height":614.1625366210938,"top":88,"right":1519.2000732421875,"bottom":702.1625366210938,"left":0},"1ea51e98-3fcd-4e30":{"x":33,"y":163,"width":1453.2000732421875,"height":43.20000076293945,"top":163,"right":1486.2000732421875,"bottom":206.20000076293945,"left":33},"2a2f059e-3cfe-4623":{"x":33,"y":258.20001220703125,"width":1453.2000732421875,"height":403.9624938964844,"top":258.20001220703125,"right":1486.2000732421875,"bottom":662.1625061035156,"left":33},"41d9737f-ee5c-479d":{"x":33,"y":258.20001220703125,"width":1453.2000732421875,"height":64.80000305175781,"top":258.20001220703125,"right":1486.2000732421875,"bottom":323.00001525878906,"left":33},"cbc9da0e-b69d-400e":{"x":490.6000061035156,"y":258.20001220703125,"width":538,"height":64.80000305175781,"top":258.20001220703125,"right":1028.6000061035156,"bottom":323.00001525878906,"left":490.6000061035156},"99a266a2-53b8-4d6c":{"x":490.6000061035156,"y":347,"width":538,"height":77.9625015258789,"top":347,"right":1028.6000061035156,"bottom":424.9625015258789,"left":490.6000061035156},"06f51b3c-25d2-4756":{"x":490.6000061035156,"y":347,"width":179.3249969482422,"height":77.9625015258789,"top":347,"right":669.9250030517578,"bottom":424.9625015258789,"left":490.6000061035156},"cd742341-c749-4377":{"x":669.9249877929688,"y":347,"width":179.3249969482422,"height":77.9625015258789,"top":347,"right":849.2499847412109,"bottom":424.9625015258789,"left":669.9249877929688},"6ad6c720-f1d5-4cf3":{"x":849.25,"y":347,"width":179.3249969482422,"height":77.9625015258789,"top":347,"right":1028.5749969482422,"bottom":424.9625015258789,"left":849.25},"4f4e3989-d5a0-4af2":{"x":33,"y":460.9624938964844,"width":1453.2000732421875,"height":88,"top":460.9624938964844,"right":1486.2000732421875,"bottom":548.9624938964844,"left":33},"c7fbc11c-0949-4ab2":{"x":419.6000061035156,"y":460.9624938964844,"width":680,"height":88,"top":460.9624938964844,"right":1099.6000061035156,"bottom":548.9624938964844,"left":419.6000061035156},"8d8afc84-5b97-477a":{"x":419.6000061035156,"y":460.9624938964844,"width":476,"height":88,"top":460.9624938964844,"right":895.6000061035156,"bottom":548.9624938964844,"left":419.6000061035156},"67e2a5fb-8b1d-41a0":{"x":419.6000061035156,"y":460.9624938964844,"width":477.6000061035156,"height":89.5999984741211,"top":460.9624938964844,"right":897.2000122070312,"bottom":550.5624923706055,"left":419.6000061035156},"c88995d3-acf8-4251":{"x":895.6000366210938,"y":460.9624938964844,"width":204,"height":88,"top":460.9624938964844,"right":1099.6000366210938,"bottom":548.9624938964844,"left":895.6000366210938},"fedfb512-949e-42b3":{"x":915.6000366210938,"y":460.9624938964844,"width":185.60000610351562,"height":89.5999984741211,"top":460.9624938964844,"right":1101.2000427246094,"bottom":550.5624923706055,"left":915.6000366210938},"702ea8e4-dbbe-403f":{"x":33,"y":636.9625244140625,"width":1453.2000732421875,"height":25.200000762939453,"top":636.9625244140625,"right":1486.2000732421875,"bottom":662.162525177002,"left":33},"cf2938bd-fa30-491d":{"x":490.6000061035156,"y":636.9625244140625,"width":538,"height":25.200000762939453,"top":636.9625244140625,"right":1028.6000061035156,"bottom":662.162525177002,"left":490.6000061035156},"bf33a062-fb67-44f0":{"x":566.9750366210938,"y":640.9625244140625,"width":69.26250457763672,"height":16,"top":640.9625244140625,"right":636.2375411987305,"bottom":656.9625244140625,"left":566.9750366210938},"652496a5-0f2d-4fb4":{"x":0,"y":702.1625366210938,"width":1519.2000732421875,"height":415.3999938964844,"top":702.1625366210938,"right":1519.2000732421875,"bottom":1117.5625305175781,"left":0},"c93edf1d-6cbf-426b":{"x":214.60000610351562,"y":722.1625366210938,"width":1090,"height":56.400001525878906,"top":722.1625366210938,"right":1304.6000061035156,"bottom":778.5625381469727,"left":214.60000610351562},"b31aab0e-ab1f-4ac2":{"x":0,"y":654,