{"1707672d-eda5-48d4":{"x":0,"y":-380,"width":1519.2000732421875,"height":2693.712646484375,"top":-380,"right":1519.2000732421875,"bottom":2313.712646484375,"left":0},"448ff7c2-d021-47a7":{"x":0,"y":-380,"width":1519.2000732421875,"height":2593.712646484375,"top":-380,"right":1519.2000732421875,"bottom":2213.712646484375,"left":0},"cdd247f3-8db3-4aae":{"x":0,"y":-292,"width":1519.2000732421875,"height":2257.625,"top":-292,"right":1519.2000732421875,"bottom":1965.625,"left":0},"d7292f67-14f6-4bfc":{"x":0,"y":-292,"width":1519.2000732421875,"height":2257.625,"top":-292,"right":1519.2000732421875,"bottom":1965.625,"left":0},"dc13c472-ff42-4078":{"x":0,"y":-292,"width":1519.2000732421875,"height":2257.625,"top":-292,"right":1519.2000732421875,"bottom":1965.625,"left":0},"bcee40d3-43ae-49f0":{"x":189.60000610351562,"y":-292,"width":1140,"height":2257.625,"top":-292,"right":1329.6000061035156,"bottom":1965.625,"left":189.60000610351562},"4553770e-bb10-426d":{"x":189.60000610351562,"y":-233.0500030517578,"width":1140,"height":2198.675048828125,"top":-233.0500030517578,"right":1329.6000061035156,"bottom":1965.6250457763672,"left":189.60000610351562},"f6e7e5b3-cdba-44ca":{"x":189.60000610351562,"y":-233.0500030517578,"width":760,"height":2198.675048828125,"top":-233.0500030517578,"right":949.6000061035156,"bottom":1965.6250457763672,"left":189.60000610351562},"bf432de7-305e-41af":{"x":204.60000610351562,"y":-177.1750030517578,"width":730,"height":2142.800048828125,"top":-177.1750030517578,"right":934.6000061035156,"bottom":1965.6250457763672,"left":204.60000610351562},"c36b3d9d-3205-4a67":{"x":204.60000610351562,"y":-177.1750030517578,"width":730,"height":2142.800048828125,"top":-177.1750030517578,"right":934.6000061035156,"bottom":1965.6250457763672,"left":204.60000610351562},"36adfdb1-4288-4841":{"x":204.60000610351562,"y":-177.1750030517578,"width":730,"height":2142.800048828125,"top":-177.1750030517578,"right":934.6000061035156,"bottom":1965.6250457763672,"left":204.60000610351562},"bab3553d-11df-4094":{"x":204.60000610351562,"y":-177.1750030517578,"width":730,"height":2142.800048828125,"top":-177.1750030517578,"right":934.6000061035156,"bottom":1965.6250457763672,"left":204.60000610351562},"199b9e3c-abf9-4cac":{"x":204.60000610351562,"y":-177.1750030517578,"width":730,"height":2142.800048828125,"top":-177.1750030517578,"right":934.6000061035156,"bottom":1965.6250457763672,"left":204.60000610351562},"5adff211-07e9-4219":{"x":204.60000610351562,"y":-177.1750030517578,"width":730,"height":2142.800048828125,"top":-177.1750030517578,"right":934.6000061035156,"bottom":1965.6250457763672,"left":204.60000610351562},"8dd91b2d-c906-477f":{"x":218.40000915527344,"y":-163.375,"width":702.4000244140625,"height":2115.199951171875,"top":-163.375,"right":920.8000335693359,"bottom":1951.824951171875,"left":218.40000915527344},"902088f8-1aeb-4726":{"x":218.40000915527344,"y":-163.375,"width":702.4000244140625,"height":2115.199951171875,"top":-163.375,"right":920.8000335693359,"bottom":1951.824951171875,"left":218.40000915527344},"2fd3dd5f-2cd4-4619":{"x":218.40000915527344,"y":-103.375,"width":702.4000244140625,"height":2055.199951171875,"top":-103.375,"right":920.8000335693359,"bottom":1951.824951171875,"left":218.40000915527344},"d2908984-b37e-4f20":{"x":218.40000915527344,"y":-103.375,"width":702.4000244140625,"height":296.8000183105469,"top":-103.375,"right":920.8000335693359,"bottom":193.42501831054688,"left":218.40000915527344},"0af85cbe-1dc7-484b":{"x":218.40000915527344,"y":-103.375,"width":702.4000244140625,"height":291,"top":-103.375,"right":920.8000335693359,"bottom":187.625,"left":218.40000915527344},"e26545e8-8f4d-49f2":{"x":218.40000915527344,"y":197.4250030517578,"width":702.4000244140625,"height":1754.4000244140625,"top":197.4250030517578,"right":920.8000335693359,"bottom":1951.8250274658203,"left":218.40000915527344},"aff5c8b2-f715-4141":{"x":218.40000915527344,"y":197.4250030517578,"width":702.4000244140625,"height":1754.4000244140625,"top":197.4250030517578,"right":920.8000335693359,"bottom":1951.8250274658203,"left":218.40000915527344},"2999e0b6-6dac-4b8c":{"x":218.40000915527344,"y":197.4250030517578,"width":695.375,"height":1754.4000244140625,"top":197.4250030517578,"right":913.7750091552734,"bottom":1951.8250274658203,"left":218.40000915527344},"13165396-17e0-4ec7":{"x":218.40000915527344,"y":197.4250030517578,"width":695.375,"height":1654,"top":197.4250030517578,"right":913.7750091552734,"bottom":1851.4250030517578,"left":218.40000915527344},"2e4f07b2-6ae9-4cd9":{"x":218.40000915527344,"y":197.4250030517578,"width":695.375,"height":165.40000915527344,"top":197.4250030517578,"right":913.7750091552734,"bottom":362.82501220703125,"left":218.40000915527344},"d28e66e2-a219-476b":{"x":219.1999969482422,"y":208.22500610351562,"width":693.7750244140625,"height":143.8000030517578,"top":208.22500610351562,"right":912.9750213623047,"bottom":352.02500915527344,"left":219.1999969482422},"6785053a-cbf9-4faf":{"x":219.1999969482422,"y":208.22500610351562,"width":693.7750244140625,"height":35.20000076293945,"top":208.22500610351562,"right":912.9750213623047,"bottom":243.42500686645508,"left":219.1999969482422},"ba3c8e16-f727-4685":{"x":223.1999969482422,"y":208.22500610351562,"width":685.7750244140625,"height":35.20000076293945,"top":208.22500610351562,"right":908.9750213623047,"bottom":243.42500686645508,"left":223.1999969482422},"7c02cbcf-7db7-4a9b":{"x":223.1999969482422,"y":217.02500915527344,"width":254.0124969482422,"height":17.600000381469727,"top":217.02500915527344,"right":477.2124938964844,"bottom":234.62500953674316,"left":223.1999969482422},"27475a95-5316-4b97":{"x":223.1999969482422,"y":217.02500915527344,"width":111.11250305175781,"height":17.600000381469727,"top":217.02500915527344,"right":334.3125,"bottom":234.62500953674316,"left":223.1999969482422},"f677c499-d1cb-4129":{"x":219.1999969482422,"y":243.4250030517578,"width":693.7750244140625,"height":35.20000076293945,"top":243.4250030517578,"right":912.9750213623047,"bottom":278.62500381469727,"left":219.1999969482422},"908216fa-e98a-4a67":{"x":223.1999969482422,"y":243.4250030517578,"width":685.7750244140625,"height":35.20000076293945,"top":243.4250030517578,"right":908.9750213623047,"bottom":278.62500381469727,"left":223.1999969482422},"cd7d00b8-551e-49ff":{"x":223.1999969482422,"y":253.8249969482422,"width":135.125,"height":14.40000057220459,"top":253.8249969482422,"right":358.3249969482422,"bottom":268.2249975204468,"left":223.1999969482422},"ff4534d6-9d5d-4e37":{"x":358.32501220703125,"y":253.8249969482422,"width":148.8625030517578,"height":14.40000057220459,"top":253.8249969482422,"right":507.18751525878906,"bottom":268.2249975204468,"left":358.32501220703125},"b1d84e7b-7c08-4988":{"x":507.1875,"y":253.8249969482422,"width":91.7874984741211,"height":14.40000057220459,"top":253.8249969482422,"right":598.9749984741211,"bottom":268.2249975204468,"left":507.1875},"27aa4d8e-3c01-4440":{"x":219.1999969482422,"y":278.625,"width":693.7750244140625,"height":73.4000015258789,"top":278.625,"right":912.9750213623047,"bottom":352.0250015258789,"left":219.1999969482422},"5f1008fe-2863-4c40":{"x":223.1999969482422,"y":278.625,"width":685.7750244140625,"height":73.4000015258789,"top":278.625,"right":908.9750213623047,"bottom":352.0250015258789,"left":223.1999969482422},"b39ad332-4462-4833":{"x":223.1999969482422,"y":280.625,"width":685.7750244140625,"height":70.4000015258789,"top":280.625,"right":908.9750213623047,"bottom":351.0250015258789,"left":223.1999969482422},"f4669ee2-0c32-4fad":{"x":783.0125122070312,"y":291.0249938964844,"width":88.8375015258789,"height":14.40000057220459,"top":291.0249938964844,"right":871.8500137329102,"bottom":305.42499446868896,"left":783.0125122070312},"d01717bf-8758-4206":{"x":218.40000915527344,"y":362.82501220703125,"width":695.375,"height":165.40000915527344,"top":362.82501220703125,"right":913.7750091552734,"bottom":528.2250213623047,"left":218.40000915527344},